{"small cat/cat": 0.6666666666666666, "small dog/dog": 0.3076923076923077, "big cat/cat": 0.3333333333333333, "big dog/dog": 0.6923076923076923}